id,Property Name,City,Star Rating,Total Price,Main Distance (km)
0,Emaar Elite Al Madina Hotel,Makkah,5,MYR 991.89,0.6
1,View Al Madinah Hotel,Makkah,5,MYR 921.52,0.35
2,Rotana Al Manakha Madinah,Makkah,5,MYR 879.85,0.45
3,Conrad Jabal Omar Makkah,Makkah,5,"MYR 2,492.92",0.6
4,"Makkah Clock Royal Tower, A Fairmont Hotel",Makkah,5,"MYR 2,412.53",0.3
5,Makkah Towers,Makkah,5,"MYR 2,390.81",0.5
6,Jabal Omar Hyatt Regency Makkah,Makkah,5,"MYR 2,172.48",0.45
7,Jumeirah Jabal Omar Makkah,Makkah,5,"MYR 2,118.16",0.6
8,Movenpick Hotel & Residences Hajar Tower Makkah,Makkah,5,"MYR 2,041.04",0.3
9,Address Jabal Omar Makkah,Makkah,5,"MYR 1,889.18",0.7
10,Al Safwah Hotel First Tower 1,Makkah,5,"MYR 1,810.75",0.3
11,Al Safwah Orchid Hotel,Makkah,5,"MYR 1,792.73",0.3
12,Swissotel Makkah,Makkah,5,"MYR 1,781.43",0.3
13,Al Marwa Rayhaan by Rotana - Makkah,Makkah,5,"MYR 1,737.98",0.3
14,Swissotel Al Maqam Makkah,Makkah,5,"MYR 1,728.33",0.25
15,InterContinental Dar Al Iman Madinah by IHG,Makkah,5,"MYR 1,655.43",0.5
16,Al Safwah Hotel Third Tower 3,Makkah,5,"MYR 1,626.45",0.35
17,Madinah Hilton Hotel,Makkah,5,"MYR 1,592.70",0.5
18,Elaf Kinda Hotel,Makkah,5,"MYR 1,559.29",0.5
19,Zamzam Pullman Makkah,Makkah,5,"MYR 1,522.63",0.3
20,Hilton Hotel & Convention Jabal Omar Makkah,Makkah,5,"MYR 1,477.28",0.6
21,Sheraton Makkah Jabal Al Kaaba Hotel,Makkah,5,"MYR 1,412.11",0.8
22,Emaar Al Mektan Hotel,Makkah,5,"MYR 1,359.57",0.6
23,Makarem Ajyad Makkah Hotel,Makkah,5,"MYR 1,352.37",0.6
24,Al Shohada by Palm Rich Makkah,Makkah,5,"MYR 1,315.43",0.9
25,InterContinental Dar Al Hijra Madinah by IHG,Makkah,5,"MYR 1,310",0.7
26,Marriott Hotel Jabal Omar Makkah,Makkah,5,"MYR 1,302.40",0.7
27,Crowne Plaza Madinah by IHG,Makkah,5,"MYR 1,249.17",0.35
28,"Diyar Ajwa, Tapestry Collection By Hilton",Makkah,5,"MYR 1,246.46",0.6
29,Doubletree By Hilton Jabal Omar Makkah,Makkah,5,"MYR 1,246.46",0.8
30,Anjum Makkah Hotel,Makkah,5,"MYR 1,180.96",0.7
31,Maysan Al Harithia Hotel,Makkah,5,"MYR 1,114.48",0.6
32,Elaf Taiba Hotel,Makkah,5,"MYR 1,086.24",0.6
33,MADEN Al Rawda,Makkah,4,MYR 977.61,0.5
34,Anwar Al Madinah Mövenpick,Makkah,4,MYR 977.61,0.6
35,Taiba Front Hotel,Makkah,4,MYR 977.61,0.5
36,Snood Ajyad Tower One,Makkah,4,MYR 949.91,0.5
37,Makarem Burj Al Madinah,Makkah,4,MYR 928.73,0.5
38,Elaf Ajyad Hotel Makkah,Makkah,4,MYR 923.85,0.6
39,Golden Tulip Al Shakreen,Makkah,4,MYR 923.30,0.3
40,Peninsula Worth Hotel,Makkah,4,MYR 912.44,0.7
41,Ruve Al Madinah Hotel,Makkah,4,MYR 879.85,0.6
42,SAJA By Warwick Madinah Hotel,Makkah,4,MYR 868.99,0.8
43,Elaf Al Taqwa Hotel,Makkah,4,MYR 868.99,0.45
44,City Features Apartments,Makkah,4,MYR 860.30,12.5
45,Emaar Royal Hotel,Makkah,4,MYR 858.13,0.7
46,Mysk Al Balad,Makkah,4,MYR 844.66,0.25
47,Maghribi Hotel 2,Makkah,4,MYR 844.01,2.2
48,Waqf Othman Bin Affan Hotel,Makkah,4,MYR 843.76,0.8
49,Nour Althuria Hotel - Elaf Almaqam,Makkah,4,MYR 830.97,0.7
50,Le Bosphorus Hotel - Waqf Safi,Makkah,4,MYR 830.97,0.8
51,Golden Tulip Al-Zahabi,Makkah,4,MYR 829.54,0.5
52,New Madinah Hotel,Makkah,4,MYR 820.11,0.35
53,Millennium Al Aqeeq Hotel,Makkah,4,MYR 814.68,0.6
54,Tulip Inn Al Daar Rawafid,Makkah,4,MYR 800.16,0.7
55,Saraya Harmony Hotel C,Makkah,4,MYR 787.52,0.4
56,Samama Ajyad Hotel Makkah,Makkah,4,MYR 782.09,0.7
57,Nasamat Makkah Hotel,Makkah,4,MYR 750.43,1.2
58,Jiwar Al Madina Hotel,Makkah,4,MYR 739.14,0.35
59,Le Meridien Medina,Makkah,4,MYR 738.64,5.3
60,Taba Al Salam,Makkah,4,MYR 723.33,0.7
61,Mias Al Madina Hotel,Makkah,4,MYR 706.05,0.5
62,Roaa Andalus,Makkah,4,MYR 706.05,0.25
63,Mabouth Horizon Private Residence,Makkah,4,MYR 706.05,3.8
64,Dallah Taibah Hotel,Makkah,4,MYR 703.88,0.6
65,Valy Hotel,Makkah,4,MYR 668.10,0.45
66,Deyar Al Eiman Hotel,Makkah,4,MYR 657.17,0.7
67,Anwar Hotel,Makkah,4,MYR 651.74,2.6
68,Millennium Taiba Hotel,Makkah,4,MYR 651.74,0.45
69,Rose Holiday i3,Makkah,4,MYR 651.74,0.5
70,Zamzam Pullman Madina,Makkah,4,MYR 635.45,0.35
71,voco Makkah an IHG Hotel,Makkah,4,MYR 599.60,1.8
72,Maien Taiba,Makkah,4,MYR 580.56,0.4
73,Elaf Quba Hotel,Makkah,4,MYR 575.71,0.7
74,Rawdhat Al Mukhtara Hotel,Makkah,4,MYR 560.01,0.6
75,Courtyard by Marriott Makkah,Makkah,4,MYR 543.12,2.1
76,The N&N Executive,Makkah,4,MYR 543.12,6.9
77,Novotel Residences Makkah,Makkah,4,MYR 434.50,2.8
78,Nozol Noor 1,Makkah,4,MYR 425.94,3.7
79,Ramada by Wyndham Makkah Zad Al Rawda,Makkah,4,MYR 404.08,2.6
80,Hafawah Resort,Makkah,4,MYR 386.11,9.9
81,Hotel Ajnihat Safwat Taiba,Makkah,4,MYR 380.18,8.4
82,Nozol Noor 3,Makkah,4,MYR 369.43,6.7
83,Park Inn by Radisson Makkah Thakher Algharbi,Makkah,4,MYR 367.58,2.1
84,Diyar AlSaliheen Apartments,Makkah,4,MYR 353.03,2.7
85,WATEEL apartment,Makkah,4,MYR 351.94,1.7
86,Elaf Qinwan Hotel,Makkah,4,MYR 351.94,2.2
87,KAYAN apartments,Makkah,4,MYR 350.85,6.5
88,Manazel Marez,Makkah,4,MYR 347.60,3.3
89,"This is my home apartments, Al Rabwa branch",Makkah,4,MYR 344.12,4.4
90,Makarem Umm Al Qura Hotel,Makkah,4,MYR 333.69,2.2
91,Park Inn by Radisson Makkah Thakher Alsharqi,Makkah,4,MYR 331.41,2.3
92,Novotel Makkah Thakher City,Makkah,4,MYR 325.87,2.6
93,Joud Hotel Studio,Makkah,4,MYR 325.87,7.3
94,TIME Ruba Hotel & Suites,Makkah,4,MYR 321.63,5.7
95,Wedyan city,Makkah,4,MYR 320.44,2.4
96,Hasanah Suites,Makkah,4,MYR 316.17,5.9
97,Marka,Makkah,4,MYR 313.92,4.7
98,Four Points by Sheraton Makkah Al Naseem,Makkah,4,MYR 312.84,6.8
99,Zahrat Al Salam Luxury Apartments,Makkah,4,MYR 304.69,2.6
100,Park Inn by Radisson Makkah Al Naseem,Makkah,4,MYR 303.06,6.5
101,Nozol Noor 2,Makkah,4,MYR 300.78,3.7
102,"Faturan Apartments, Abu Dhar Branch",Makkah,4,MYR 298.06,2.8
103,Verdun Wings,Makkah,4,MYR 293.28,2.5
104,Wings of Tranquility Self-Access,Makkah,4,MYR 293.28,4.5
105,Diyar AlSaliheen Serviced Apartments,Makkah,4,MYR 291.83,2.7
106,Hafawah Suites,Makkah,4,MYR 260.83,4.3
107,Faturan 2,Makkah,4,MYR 260.46,3.8
108,"Wirgan Al Noor, Tapestry Collection by Hilton",Makkah,4,MYR 253.91,3.4
109,DoubleTree by Hilton Makkah Aziziyah,Makkah,4,MYR 244.68,5.4
110,Raf Wings,Makkah,4,MYR 230.83,2.5
111,Makarem Al Bait Al Azizia Hotel,Makkah,4,MYR 224.85,2.9
112,Azar Serviced Apartments,Makkah,4,MYR 222.07,11.5
113,M Hotel Al Dana Makkah by Millennium,Makkah,4,MYR 217.25,3.2
114,Maysan Al Mashaer Hotel,Makkah,4,"MYR 1,122.08",0.7
115,Best Western Ajyad Makkah,Makkah,4,"MYR 1,044.96",1.0
116,Le Bosphorus Al Madinah,Makkah,4,"MYR 1,002.05",0.7
117,Three Pearls Musalli Hotel,Makkah,3,MYR 778.69,1.7
118,Al Ansar Golden Tulip,Makkah,3,MYR 760.37,0.7
119,Al Ebaa Hotel,Makkah,3,MYR 744.07,1.0
120,Season Star Hotel Madinah,Makkah,3,MYR 733.21,2.5
121,Le Bosphorus Hotel Two,Makkah,3,MYR 694.11,0.8
122,Palestine Hotel Makkah,Makkah,3,MYR 661.52,1.3
123,Ramada by Wyndham Makkah Zad Al Tayseer,Makkah,3,MYR 656.63,1.3
124,Artal Al Alami Hotel,Makkah,3,MYR 651.74,0.7
125,GHALIA Hotel,Makkah,3,MYR 651.74,2.6
126,Radisson Hotel Madinah,Makkah,3,MYR 639.02,3.1
127,Le Meridien Towers Makkah,Makkah,3,MYR 635.45,2.2
128,Manarat Gaza Hotel - Al Haram Tower,Makkah,3,MYR 632.27,1.2
129,Odst ALMADINA HOTEL,Makkah,3,MYR 608.85,0.7
130,Luluat Al Badaie Hotel,Makkah,3,MYR 597.43,0.7
131,Saraya Al Deafah Hotel,Makkah,3,MYR 597.43,1.2
132,Millennium Madinah Airport,Makkah,3,MYR 586.57,14.3
133,Pure Homes,Makkah,3,MYR 581.68,0.3
134,Dar Al Naem Hotel,Makkah,3,MYR 557.24,0.7
135,Maghribi Hotel 4,Makkah,3,MYR 542.03,4.4
136,Hanan's rural villa,Makkah,3,MYR 523.51,7.5
137,Abed Massoudi Ajyad Hotel,Makkah,3,MYR 509.77,0.8
138,Anwar Al Zahraa Hotel,Makkah,3,MYR 488.81,0.7
139,Clouds Hotel,Makkah,3,MYR 488.81,4.0
140,Nawazi Towers Hotel,Makkah,3,MYR 485.05,1.4
141,Abraj Al Tayseer Tuwa Hotel,Makkah,3,MYR 477.94,1.4
142,Zowar Alalami Hotel,Makkah,3,MYR 476.71,0.7
143,Emaar Elite Hotel,Makkah,3,MYR 469.25,1.5
144,Holiday Suites Al Azizia,Makkah,3,MYR 468.44,3.6
145,Makkah Al Aziziah,Makkah,3,MYR 461.65,3.6
146,Diyafa Al Mukhtara Hotel,Makkah,3,MYR 451.22,0.8
147,Elaf Bakkah Hotel,Makkah,3,MYR 439.93,2.4
148,diyar alkaram1,Makkah,3,MYR 437.86,1.0
149,Mila HOTEL MAKKAH,Makkah,3,MYR 434.50,1.2
150,M Hotel Makkah by Millennium,Makkah,3,MYR 434.50,2.7
151,Elite Haven,Makkah,3,MYR 434.50,4.2
152,Al Ayniah Hotel,Makkah,3,MYR 430.15,1.8
153,A world of fantasy for luxury units,Makkah,3,MYR 429.06,5.2
154,Afaq Sila Hotel,Makkah,3,MYR 418.20,1.3
155,Afaq Al Marsa Hotel,Makkah,3,MYR 418.20,1.4
156,MARMARA BOUTIQUE,Makkah,3,MYR 418.20,3.2
157,Lualuat Ajyad Hotel,Makkah,3,MYR 416.28,2.5
158,Batoul Ajyad Hotel,Makkah,3,MYR 391.05,1.7
159,Anbriya Furnished Apartments,Makkah,3,MYR 386.97,2.1
160,Barakat Burhan Hotel,Makkah,3,MYR 380.18,2.4
161,Ghazali House,Makkah,3,MYR 380.18,4.4
162,Lamar Ajyad First Hotel Tower B,Makkah,3,MYR 369.32,2.4
163,House,Makkah,3,MYR 365.66,2.9
164,Al Ghazali Suites,Makkah,3,MYR 349.77,2.2
165,Park Inn by Radisson Makkah Aziziyah,Makkah,3,MYR 348.68,6.0
166,Burhan Al-Huda Hotel,Makkah,3,MYR 325.87,2.3
167,Diamond Corner Apartments Al Awali,Makkah,3,MYR 309.58,2.7
168,Gulshane Madina,Makkah,3,MYR 305.38,0.8
169,Moro Ala Hotel Makkah,Makkah,3,MYR 303.06,3.3
170,Al Asr almasi Suite Apartments,Makkah,3,MYR 293.28,3.1
171,Violet Al Azizia Hotel Masjid Al Qatari,Makkah,3,MYR 288.24,2.8
172,Midan Hotel & Suites Al Aziziya,Makkah,3,MYR 286.22,3.0
173,SAS RTL Furnished Apartments,Makkah,3,MYR 273.73,3.6
174,Al Fath Private Apartments,Makkah,3,MYR 271.56,1.8
175,Qubaa Hotel Homes,Makkah,3,MYR 271.56,3.2
176,Jawharat Alia Apartment,Makkah,3,MYR 270.69,3.2
177,SARAYA ALJIWAR HOTEL,Makkah,3,MYR 268.30,2.1
178,Pine In,Makkah,3,MYR 263.96,4.0
179,Peace be upon you,Makkah,3,MYR 244.40,1.3
180,Dafli Hotel,Makkah,3,MYR 244.40,3.0
181,Goodness for serviced units,Makkah,3,MYR 217.25,2.4
182,Al-Joud Apartments 4,Makkah,3,MYR 211.16,4.2
183,Nozol Noor 6,Makkah,3,MYR 209.07,3.8
184,Jasmine rose,Makkah,3,MYR 206.39,3.8
185,Al Joud Hotel Makkah,Makkah,3,MYR 204.97,4.3
186,Ather Al Shaab Rooms and Apartments,Makkah,3,MYR 202,1.3
187,Afraa Hotel,Makkah,3,MYR 184.77,4.6
188,Valley Shadows,Makkah,3,MYR 162.94,2.5
189,Orvana Soul Serviced Apartments,Makkah,3,MYR 162.94,5.9
190,Aya Hostel,Makkah,3,MYR 127.09,1.5
191,Belvedere Hotel,Makkah,2,MYR 760.37,3.2
192,Zaha Taiba Hotel,Makkah,2,MYR 414.68,1.4
193,Flavor Hotel,Makkah,2,MYR 403.85,7.5
194,Gacine Hotel Salam,Makkah,2,MYR 402.45,5.8
195,Itlalat Uhud Hotel,Makkah,2,MYR 401.91,3.3
196,Snood Al Rayan Hotel,Makkah,2,MYR 380.56,1.5
197,Rasia Hotel Madinah,Makkah,2,MYR 374.75,1.6
198,Aljawadain,Makkah,2,MYR 347.60,2.5
199,Nasamat Hotel,Makkah,2,MYR 342.16,2.0
200,Diamond Corner Serviced Apartments,Makkah,2,MYR 325.87,12.5
201,Al-Usul Hotel,Makkah,2,MYR 298.72,1.3
202,E Hotel,Makkah,2,MYR 293.28,12.1
203,My Home 2 Apartments,Makkah,2,MYR 288.70,3.7
204,AL Mokhmalia Serviced Apartments,Makkah,2,MYR 276.99,2.5
205,Harir Furnished Apartments,Makkah,2,MYR 271.56,2.1
206,EZZ apartment,Makkah,2,MYR 271.56,6.7
207,Musk Luxury Hotel Units,Makkah,2,MYR 249.83,3.7
208,Peace Lights Serviced Apartments,Makkah,2,MYR 248.75,10.5
209,ibis Styles Makkah,Makkah,2,MYR 243.43,3.0
210,Hotel 21 Makkah,Makkah,2,MYR 230.28,5.8
211,Violet Al Shisha Hotel,Makkah,2,MYR 228.98,2.8
212,Makarem Mina Hotel,Makkah,2,MYR 224.85,3.6
213,Mawakib Al Kawthar Hotel Makkah,Makkah,2,MYR 219.29,4.4
214,Razana Al Rawdha Hotel,Makkah,2,MYR 217.25,2.8
215,Platinum Styles Serviced Apartments,Makkah,2,MYR 217.25,3.8
216,Onissen City,Makkah,2,MYR 215.23,3.3
217,Abraj Almisk Hotel,Makkah,2,MYR 215.08,2.1
218,Cent Al Azizia Hotel Makkah,Makkah,2,MYR 211.16,5.2
219,Manara Al Muna 2 Hotel Makkah,Makkah,2,MYR 186.63,3.6
220,Mercure Makkah Aziziah,Makkah,2,MYR 183.74,4.7
221,Emaar Legend,Makkah,2,MYR 179.23,5.7
222,Al Rayyan Makiya Towers Hotel,Makkah,2,MYR 165.88,6.1
223,Roya Al Bilad Hotel Makkah,Makkah,2,MYR 158.51,3.6
224,Al Kiram Hotel Al Azizia,Makkah,2,MYR 156.42,4.7
225,Al Hashmeih Tower Hotel Makkah,Makkah,2,MYR 136.87,2.8
226,Diouf Al-Mquam Al-Masy Hotel,Makkah,2,MYR 134.15,3.0
227,Diouf Al Maqam Al Dahabi Hotel,Makkah,2,MYR 120.22,2.4
228,Multaqa Aleiman Hotel,Makkah,2,MYR 119.49,6.2
229,Al Baraka Royal Hotel,Makkah,2,MYR 114.38,3.8
230,Snood Al Azama Hotel,Makkah,2,MYR 100.37,5.5
231,Kinan al Azizyyah,Makkah,1,MYR 99.72,3.4
232,Taj Park Hotel,Makkah,1,MYR 662.61,1.3
233,Anwar AlBaraka Hotel,Makkah,1,MYR 651.74,1.6
234,Orchid Hotel Madinah,Makkah,1,MYR 649.57,1.2
235,Zaha Al Munawara Hotel,Makkah,1,MYR 552.91,1.2
236,Lumian Hotel,Makkah,1,MYR 543.12,2.0
237,Salsbil Almasi Hotel,Makkah,1,MYR 543.12,3.1
238,Zaha Al Madina Hotel,Makkah,1,MYR 525.26,1.2
239,Elite AL Hijra Hotel,Makkah,1,MYR 495.32,3.2
240,GH HOTEL,Makkah,1,MYR 490.16,2.8
241,Maghribi Hotel Apartments 3,Makkah,1,MYR 488.81,1.4
242,Platinum Hotel Al Oula,Makkah,1,MYR 488.81,2.5
243,Al Khulafa Al Faisaliah Hotel,Makkah,1,MYR 48.39,3.7
244,Saif Al Majd Hotel,Makkah,1,MYR 453.11,1.1
245,Amjad Al Deafah Hotel,Makkah,1,MYR 439.93,1.4
246,"Sedra Global Hotel, Madinah",Makkah,1,MYR 436.50,2.5
247,Al Kiswah Towers Hotel,Makkah,1,MYR 434.50,1.5
248,Durrat Balensia Hotel,Makkah,1,MYR 434.50,1.8
249,Al Mustarah Hotel,Makkah,1,MYR 434.50,2.2
250,Makin Hotel,Makkah,1,MYR 434.50,2.8
251,Hotel SDU BOUTIQUE,Makkah,1,MYR 433.41,3.3
252,Nawa Madinah Hotel,Makkah,1,MYR 419.83,7.8
253,Afaq Al Fadi Hotel,Makkah,1,MYR 395.25,1.0
254,Lafif Hotel Al-Khaldia,Makkah,1,MYR 388.87,4.7
255,Diamond Corners Hotel,Makkah,1,MYR 380.18,2.5
256,Blue Coral Hotel,Makkah,1,MYR 380.18,3.6
257,Azard Hotel,Makkah,1,MYR 368.56,3.6
258,VERTA Almahbas Hotel,Makkah,1,MYR 361.17,2.3
259,Emaar Al Noor,Makkah,1,MYR 351.94,3.4
260,Mahd Al Resala 3 Hotel,Makkah,1,MYR 337.86,1.4
261,Abraj Almarzam Hotel,Makkah,1,MYR 332.39,3.1
262,Ajyal Al Madina Hotel 1,Makkah,1,MYR 325.87,1.6
263,Millennium Makkah Al Naseem,Makkah,1,MYR 309.58,6.6
264,Araab Sands Hotel,Makkah,1,MYR 304.15,2.0
265,Masa Al Mashaer,Makkah,1,MYR 282.42,4.8
266,Diamond Corner Hotel,Makkah,1,MYR 281.55,5.5
267,Anaf Hotel,Makkah,1,MYR 280.77,3.6
268,Gacine Hotel Eskan,Makkah,1,MYR 278.62,3.1
269,Rose ALMedina,Makkah,1,MYR 273.73,3.8
270,Almas Maghreb Hotel,Makkah,1,MYR 269.85,1.9
271,Al Zaereen Hotel 2,Makkah,1,MYR 224.92,3.9
272,Al Hidayah Towers Hotel,Makkah,1,MYR 219.96,6.4
273,Emaar Forum,Makkah,1,MYR 209.10,4.1
274,Knoz Al Anood Hotel Makkah,Makkah,1,MYR 199.43,6.3
275,Narjes Al Hadeqa Hotel,Makkah,1,MYR 195.52,3.1
276,Mubarak Al-Barakati Hotel,Makkah,1,MYR 195.52,4.0
277,Alayam Elite Hotel,Makkah,1,MYR 195.52,5.1
278,Nukhbat Al Jiwar Hotel Makkah,Makkah,1,MYR 193.65,2.6
279,Jouri Al Hada Hotel Makkah,Makkah,1,MYR 187.92,3.6
280,Manarat Al Aziza 3 Hotel Makkah,Makkah,1,MYR 186.63,3.4
281,Capital Guest Hotel,Makkah,1,MYR 184.66,2.9
282,Snood Al Huda,Makkah,1,MYR 182.81,2.1
283,Jawaher Al Hashmiya 4 Hotel Makkah,Makkah,1,MYR 179.13,5.7
284,Al Masar Al Aziziyah Hotel,Makkah,1,MYR 178.14,4.7
285,Wardat Naaman Hotel,Makkah,1,MYR 171.08,1.4
286,Sama Thakher Hotel,Makkah,1,MYR 166.19,3.3
287,Ghazala Beautiful Hotel,Makkah,1,MYR 165.71,3.1
288,Joury Al Mashaer Hotel,Makkah,1,MYR 165.11,5.7
289,Open Hotel Makka,Makkah,1,MYR 162.94,3.6
290,Diouf Al-Maqam Hotel,Makkah,1,MYR 161.50,2.9
291,Al Bilad 1 Hotel Makkah,Makkah,1,MYR 150.92,4.0
292,Dhakher Plaza Hotel,Makkah,1,MYR 140.78,2.9
293,Town House Castle Hotel,Makkah,1,MYR 130.04,4.6
294,Jawharat Dakher Hotel,Makkah,1,MYR 128.48,2.9
295,Sultana Rooms and Apartments,Makkah,1,MYR 127.09,1.7
296,Douof Al Maqam One Hotel,Makkah,1,MYR 127.09,2.4
297,Diouf Al Maqam Connect Hotel,Makkah,1,MYR 120.74,3.0
298,Diouf Al-Maqam Plaza Hotel,Makkah,1,MYR 120.22,2.4
299,Manasek Al Rashad Hotel,Makkah,1,MYR 118.19,2.7
300,Marriott Palace Hotel,Makkah,1,MYR 114.38,4.6
301,Royal Almashaer,Makkah,1,MYR 114.05,6.3
302,Al-Aseel Hotel Colors,Makkah,1,MYR 113.51,1.8
1000,Mubarak Silver,Madinah,3,MYR 150.00,0.5
